id,x1,x2,y
train-0,-1.4625,1.3897,1
train-1,-0.0183,-0.2020,0
train-2,0.6064,1.1549,1
train-3,1.3431,-0.2689,1
train-4,1.0491,-1.9916,0
train-5,-1.0850,1.7811,1
train-6,1.6057,-1.8776,1
train-7,1.7566,-0.4752,1
train-8,-1.1336,-0.3115,1
train-9,-0.2484,-0.0168,0
train-10,-1.0677,-1.0765,0
train-11,-0.8409,-1.9140,0
train-12,1.3503,0.2258,1
train-13,1.9702,1.4398,1
train-14,-1.5164,-0.6692,1
train-15,1.7458,-0.3116,1
train-16,1.3201,0.6812,1
train-17,1.5299,1.3848,1
train-18,0.0211,0.3560,0
train-19,1.1896,-0.3427,1
train-20,-1.3080,0.1952,1
train-21,-0.5012,-0.2442,0
train-22,0.0337,1.1138,0
train-23,-0.0412,-1.8817,0
train-24,-1.8261,0.8135,1
train-25,-0.4256,-1.3186,0
train-26,0.0090,1.9283,1
train-27,1.4412,-1.0713,1
train-28,0.0551,1.8099,0
train-29,-0.9229,0.1920,0
train-30,1.8285,-1.9772,1
train-31,1.5447,0.9620,1
train-32,1.2366,0.0747,1
train-33,-1.7755,1.4800,1
train-34,0.2800,-1.2006,0
train-35,-0.5728,-0.6157,0
train-36,0.1539,0.4940,0
train-37,-1.8881,-1.0816,1
train-38,-1.2912,0.3378,1
train-39,1.1884,1.2657,1
train-40,-0.9788,1.3670,1
train-41,-1.9332,-1.9418,1
train-42,1.0223,-1.0018,0
train-43,-0.6223,-1.7219,0
train-44,-1.3615,0.1095,1
train-45,0.8464,-0.1812,0
train-46,-0.7120,-0.1049,0
train-47,-0.3163,-1.2478,0
train-48,-1.5650,1.5993,1
train-49,0.4226,1.2682,0
train-50,-1.9167,-1.9285,1
train-51,-1.3591,0.8184,1
train-52,0.7127,0.1788,0
train-53,1.1912,0.0664,1
train-54,-1.1072,0.5940,1
train-55,-0.7150,0.5238,1
train-56,-1.7649,-0.8056,1
train-57,-0.7745,1.4341,1
train-58,-0.7585,1.7572,1
train-59,-0.9906,-1.9661,0
train-60,1.5149,-1.8483,1
train-61,0.2811,-1.3139,0
train-62,1.4711,1.8951,1
train-63,-0.4881,-0.6123,0
train-64,-1.1770,0.6966,1
train-65,-1.5823,0.6638,1
train-66,-0.8157,-0.0008,0
train-67,1.5987,-1.9276,1
train-68,-1.1966,-0.6890,1
train-69,-0.6436,-1.1479,0
train-70,0.6978,1.3508,1
train-71,1.5296,0.7484,1
train-72,-0.0620,1.9420,1
train-73,-1.6613,-1.3212,1
train-74,1.6440,-1.1481,1
train-75,1.3645,-0.5276,1
train-76,-0.6389,-0.8351,0
train-77,1.8172,1.5491,1
train-78,-1.4586,0.2047,1
train-79,-1.7072,1.4647,1
train-80,1.1525,1.3140,1
train-81,1.1276,-0.4878,1
train-82,0.2831,-1.1051,0
train-83,1.5631,0.2578,1
train-84,1.7003,-0.1689,1
train-85,1.3111,-1.9505,1
train-86,0.6816,-1.6333,0
train-87,-1.8399,-1.0415,1
train-88,1.9526,-0.3159,1
train-89,-1.0343,0.9760,1
train-90,-1.5887,1.6431,1
train-91,1.6369,-0.8239,1
train-92,-0.9864,-0.0920,1
train-93,-1.8415,-1.9580,1
train-94,1.9303,-0.8178,1
train-95,-0.7469,-1.7481,0
train-96,1.6536,1.8793,1
train-97,-1.1392,0.4712,1
train-98,1.9198,0.1717,1
train-99,-0.9637,0.1664,0
train-100,-0.7707,-1.0145,0
train-101,1.9335,-0.2084,1
train-102,0.6080,0.5739,0
train-103,-0.7729,-0.6910,0
train-104,-0.7331,1.3885,1
train-105,-0.6627,0.1769,0
train-106,0.3159,0.3839,0
train-107,-1.0250,-1.7107,0
train-108,0.2048,-1.7163,0
train-109,-0.8367,1.1687,1
train-110,-0.0270,1.4506,0
train-111,1.1799,-1.6916,0
train-112,1.7969,-1.3070,1
train-113,1.2862,-0.7209,0
train-114,-1.5725,0.0574,1
train-115,1.5750,-1.4333,1
train-116,1.6419,-1.8730,1
train-117,1.2154,1.6286,1
train-118,1.3629,0.9847,1
train-119,-0.2694,-1.3684,0
train-120,0.8593,0.6711,1
train-121,1.8535,1.2330,1
train-122,0.1971,0.1655,0
train-123,-0.4172,-0.6453,0
train-124,-0.9681,-1.9024,0
train-125,0.2824,-1.7507,0
train-126,-0.5802,-1.4469,0
train-127,1.3157,-0.4088,1
train-128,-0.3957,0.4498,0
train-129,0.1148,0.0036,0
train-130,0.5954,-0.2467,0
train-131,-1.0465,-0.0197,0
train-132,-0.0847,-1.0998,0
train-133,1.6278,1.6708,1
train-134,-0.8991,0.5857,1
train-135,0.0468,1.5097,0
train-136,-1.3621,1.0641,1
train-137,0.7702,1.3960,1
train-138,-0.5135,0.8051,0
train-139,1.4251,1.5864,1
train-140,1.8403,0.2849,1
train-141,-1.1295,0.2781,1
train-142,1.0310,-1.7915,0
train-143,-0.6081,0.0602,0
train-144,-1.3408,0.9196,1
train-145,1.2318,0.5138,1
train-146,-0.9299,1.6515,1
train-147,1.1030,1.3677,1
train-148,0.6389,0.8016,0
train-149,1.8848,-0.4706,1
train-150,1.2108,-0.2683,1
train-151,-1.4947,1.6355,1
train-152,1.8377,-1.5233,1
train-153,-1.5276,-0.8181,1
train-154,-1.0071,0.9983,1
train-155,-0.2449,-1.9159,0
train-156,0.5101,0.4225,0
train-157,-0.8609,0.1694,0
train-158,-0.9071,0.3430,0
train-159,1.1644,1.2346,1
train-160,1.8945,0.1815,1
train-161,1.0763,0.2822,1
train-162,-0.4670,-0.8638,0
train-163,-1.5277,0.9891,1
train-164,0.1811,1.8598,1
train-165,-1.4536,0.0015,1
train-166,0.2903,-0.7550,0
train-167,0.1136,-1.9966,0
train-168,-0.2307,-0.2018,0
train-169,1.1323,0.7337,1
train-170,-0.0308,0.5907,0
train-171,-1.9845,-0.8895,1
train-172,0.3927,1.5267,1
train-173,1.9481,-0.1537,1
train-174,1.3384,-0.3641,1
train-175,-0.7787,-1.3187,0
train-176,0.4801,0.1238,0
train-177,-0.4433,-0.2965,0
train-178,-0.3790,1.4450,0
train-179,1.5916,0.9951,1
train-180,-0.0292,0.9831,0
train-181,0.5187,-0.3720,0
train-182,0.5170,0.5349,1
train-183,1.3851,1.0700,1
train-184,1.2613,0.4218,1
train-185,0.8321,1.4958,1
train-186,0.1770,-1.3917,0
train-187,-0.1316,-1.8184,0
train-188,0.0411,0.9790,0
train-189,0.6274,-1.9210,0
train-190,0.0287,1.7845,0
train-191,0.7556,0.4200,0
train-192,-1.1644,-1.1692,0
train-193,-1.7005,1.3227,1
train-194,0.0928,-0.5272,0
train-195,-1.3258,0.6123,1
train-196,0.8537,1.2600,1
train-197,-1.0715,0.2442,1
train-198,-1.3105,1.1591,1
train-199,-1.1107,1.8552,1
train-200,0.8268,1.3752,1
train-201,0.4898,-0.7339,0
train-202,-0.2729,1.0464,0
train-203,0.5035,-1.3375,0
train-204,1.8922,-0.2257,1
train-205,0.4250,-0.9521,0
train-206,0.1064,-1.4455,0
train-207,-0.5556,1.0055,1
train-208,-1.0380,0.8726,1
train-209,-1.5745,-0.4120,1
train-210,-0.0306,-1.6001,0
train-211,0.3901,1.5555,1
train-212,-1.1338,-1.8611,0
train-213,1.8565,0.4527,1
train-214,-0.6302,1.3515,1
train-215,-1.6191,-0.4012,1
train-216,-0.0199,-0.4884,0
train-217,1.2806,-0.1497,1
train-218,0.3197,-1.1524,0
train-219,0.3745,1.6379,0
train-220,1.9776,-1.8151,1
train-221,-0.7217,-0.4674,0
train-222,0.3210,1.6754,0
train-223,1.0342,-1.3909,0
train-224,1.6547,-1.9393,1
train-225,-1.7715,-0.4820,1
train-226,-1.4801,-0.1484,1
train-227,-1.8581,-1.7566,1
train-228,1.3625,-1.8287,0
train-229,-1.6358,-1.8895,1
train-230,0.5501,0.9785,0
train-231,0.6521,-0.4412,0
train-232,0.5243,1.8784,1
train-233,-1.7593,1.7407,1
train-234,0.3620,-0.6015,0
train-235,0.0887,-1.7568,0
train-236,-0.5871,-0.3494,0
train-237,-0.3035,0.6495,1
train-238,0.8542,0.9731,1
train-239,-0.9937,1.9056,1
train-240,-1.3960,1.6746,1
train-241,-1.7888,-1.6351,1
train-242,1.2522,-0.1233,0
train-243,-1.8395,0.1259,1
train-244,-0.2266,-1.4872,0
train-245,1.5293,-1.9015,1
train-246,0.0980,-1.6385,0
train-247,-1.8632,-0.4631,1
train-248,0.9304,-0.7472,0
train-249,1.2277,1.4234,1
train-250,-0.7850,-0.3007,0
train-251,-0.6796,-0.6453,0
train-252,1.1345,1.8252,1
train-253,0.6103,-0.2056,0
train-254,1.9521,0.8775,1
train-255,0.1425,1.5873,0
train-256,1.3265,-0.8347,1
train-257,0.0843,-1.6105,0
train-258,-0.6185,0.2996,1
train-259,0.6045,-0.7454,0
train-260,-0.8067,-0.5895,0
train-261,0.0042,0.1045,0
train-262,-1.4050,1.6577,1
train-263,-1.7246,1.9176,1
train-264,-0.0812,1.6515,1
train-265,1.2625,1.7018,1
train-266,1.6892,1.2055,1
train-267,0.3024,1.9700,1
train-268,1.1358,0.8117,1
train-269,1.7693,0.5740,1
train-270,-0.3897,-0.1417,0
train-271,-1.3288,-1.4066,1
train-272,0.7490,0.2511,0
train-273,-0.3556,0.9118,0
train-274,-1.7996,-1.6031,1
train-275,-1.5722,-0.9532,1
train-276,0.5286,0.1055,0
train-277,1.4025,0.5730,1
train-278,-1.3065,1.4473,1
train-279,1.3905,0.8411,1
train-280,-0.8650,1.5651,1
train-281,1.5712,-0.2982,1
train-282,0.7024,0.1779,1
train-283,0.9033,1.2561,1
train-284,1.9926,-0.9738,1
train-285,1.0813,0.0571,1
train-286,-0.0517,-0.3850,0
train-287,0.3384,-1.8395,0
train-288,1.4046,-0.1662,1
train-289,0.7653,-1.9780,0
train-290,-1.5198,-0.7894,1
train-291,1.8832,0.1721,1
train-292,0.2879,0.2055,0
train-293,1.2743,1.8135,1
train-294,-0.3668,0.5199,0
train-295,0.0253,0.3451,0
train-296,0.2000,1.9063,1
train-297,1.9781,0.9445,1
train-298,0.2636,-0.5265,0
train-299,1.5813,0.6787,1
train-300,1.5950,1.7007,1
train-301,-0.1425,1.1836,0
train-302,-0.5095,0.9975,0
train-303,-0.1754,-1.5340,0
train-304,-0.5820,-0.3392,0
train-305,-0.9591,1.4315,1
train-306,0.3583,-0.8514,0
train-307,0.0552,0.9581,0
train-308,0.7653,-0.2660,0
train-309,0.8619,-0.0345,0
train-310,1.8860,0.8647,1
train-311,1.8661,-1.0831,1
train-312,-1.8955,-0.9871,1
train-313,-0.4035,0.8940,0
train-314,1.3375,-1.6434,0
train-315,0.1984,0.1379,0
train-316,-0.6132,1.7844,1
train-317,0.2113,-0.3215,0
train-318,0.6866,-1.5254,0
train-319,-0.0811,1.1731,0
train-320,1.4314,1.1457,1
train-321,-0.4411,0.6748,0
train-322,-0.8230,0.0313,0
train-323,1.4155,-1.5767,1
train-324,-0.4545,1.6216,1
train-325,-0.3336,1.5518,1
train-326,1.9683,-0.8456,1
train-327,0.1792,-1.1415,0
train-328,1.0386,-0.6516,0
train-329,1.9559,0.6291,1
train-330,1.7033,1.8747,1
train-331,-0.2390,1.0394,0
train-332,1.3695,-1.0858,1
train-333,-0.3534,-1.4792,0
train-334,-1.2188,0.2434,0
train-335,0.1311,0.4359,0
train-336,-1.4046,-0.3448,1
train-337,-0.9318,-1.1424,0
train-338,-0.5293,-0.1178,0
train-339,-1.2752,1.5196,1
train-340,0.7767,0.1391,0
train-341,0.7604,0.5803,0
train-342,1.2478,1.5660,1
train-343,-0.6798,-1.4883,0
train-344,-1.4395,-0.9741,1
train-345,0.8117,0.2523,0
train-346,0.7391,-1.0950,0
train-347,1.5371,-0.3109,1
train-348,-1.9831,-1.9198,1
train-349,-1.6617,-1.1020,1
train-350,0.7228,1.9400,1
train-351,0.0737,-1.9075,0
train-352,-0.6807,-1.4422,0
train-353,0.7248,-1.8359,0
train-354,-1.6905,0.8997,1
train-355,-0.9226,-1.8009,0
train-356,-1.8753,-1.4439,1
train-357,0.5535,-1.0318,0
train-358,0.7186,-0.9055,0
train-359,1.7947,-0.5905,1
train-360,1.2143,0.5648,1
train-361,1.4815,-0.3793,1
train-362,0.7160,0.4825,0
train-363,0.1430,-0.4249,0
train-364,1.5933,0.5309,1
train-365,0.0341,-1.2994,0
train-366,-1.1399,-0.2616,0
train-367,-0.9163,0.1206,0
train-368,-0.1071,-0.3869,0
train-369,0.6177,0.1768,0
train-370,0.1790,1.3753,0
train-371,-1.8783,-0.7675,1
train-372,0.7296,-1.3769,0
train-373,1.5165,-1.1349,1
train-374,1.3664,1.3929,1
train-375,-1.3609,1.3964,1
train-376,-0.4731,-0.2411,0
train-377,-0.9210,0.6675,1
train-378,1.1976,0.4147,1
train-379,1.6787,0.5717,1
train-380,-0.4820,0.2477,0
train-381,1.1169,0.3942,1
train-382,-0.3109,1.7341,0
train-383,-1.7869,-0.1169,1
train-384,-1.8503,0.8165,1
train-385,-1.5555,-1.4417,1
train-386,0.0323,-0.5748,0
train-387,1.6360,0.6194,1
train-388,1.2083,1.2788,1
train-389,-1.0408,0.2494,1
train-390,-0.5691,-1.3654,0
train-391,-0.7452,1.5191,0
train-392,-0.6150,0.6302,1
train-393,-1.7773,-0.2605,1
train-394,-0.4948,-0.8243,0
train-395,0.7970,0.5397,0
train-396,0.0760,-1.7759,0
train-397,-1.3112,0.5710,1
train-398,-0.0502,-0.6361,0
train-399,-1.9133,1.5892,1
